{
    "設計一次エネルギー消費量[MJ]": 3807432.1520010526,
    "基準一次エネルギー消費量[MJ]": 3816222.0,
    "設計一次エネルギー消費量（その他除き）[MJ]": 130014.1520010525,
    "基準一次エネルギー消費量（その他除き）[MJ]": 138804.0,
    "BEI": 0.94,
    "設計一次エネルギー消費量（再エネ、その他除き）[MJ]": 251573.38687827135,
    "BEI（再エネ除き）": 1.82,
    "設計一次エネルギー消費量（空調）[MJ]": 0,
    "基準一次エネルギー消費量（空調）[MJ]": 0,
    "BEI_AC": "-",
    "設計一次エネルギー消費量（換気）[MJ]": 0,
    "基準一次エネルギー消費量（換気）[MJ]": 0,
    "BEI_V": "-",
    "設計一次エネルギー消費量（照明）[MJ]": 0,
    "基準一次エネルギー消費量（照明）[MJ]": 0,
    "BEI_L": "-",
    "設計一次エネルギー消費量（給湯）[MJ]": 251573.38687827135,
    "基準一次エネルギー消費量（給湯）[MJ]": 138804.0,
    "BEI_HW": 1.82,
    "設計一次エネルギー消費量（昇降機）[MJ]": 0,
    "基準一次エネルギー消費量（昇降機）[MJ]": 0,
    "BEI_EV": "-",
    "その他一次エネルギー消費量[MJ]": 3677418.0,
    "創エネルギー量（太陽光）[MJ]": 121559.23487721886,
    "創エネルギー量（コジェネ）[MJ]": 0
}